Day,Date,Open,High,Low,Close,Volume,Market Cap
1,6-Mar-23,"$22,436.82 ","$22,584.29 ","$22,331.31 ","$22,429.76 ","$17,353,192,895 ","$433,122,543,176 "
2,7-Mar-23,"$22,428.32 ","$22,527.42 ","$22,011.26 ","$22,219.77 ","$22,765,452,204 ","$429,090,671,120 "
3,8-Mar-23,"$22,216.44 ","$22,268.90 ","$21,708.05 ","$21,718.08 ","$22,536,575,684 ","$419,421,447,158 "
4,9-Mar-23,"$21,720.08 ","$21,802.72 ","$20,210.31 ","$20,363.02 ","$30,364,664,171 ","$393,268,847,888 "
5,10-Mar-23,"$20,367.00 ","$20,370.60 ","$19,628.25 ","$20,187.24 ","$39,578,257,695 ","$389,890,609,884 "
6,11-Mar-23,"$20,187.88 ","$20,792.53 ","$20,068.66 ","$20,632.41 ","$30,180,288,176 ","$398,509,689,462 "
7,12-Mar-23,"$20,628.03 ","$22,185.03 ","$20,448.81 ","$22,163.95 ","$29,279,035,521 ","$428,114,557,465 "
8,13-Mar-23,"$22,156.41 ","$24,550.84 ","$21,918.20 ","$24,197.53 ","$49,466,362,688 ","$467,417,380,967 "
9,14-Mar-23,"$24,201.77 ","$26,514.72 ","$24,081.18 ","$24,746.07 ","$54,622,230,164 ","$478,037,073,215 "
10,15-Mar-23,"$24,770.93 ","$25,240.62 ","$23,964.91 ","$24,375.96 ","$43,655,701,450 ","$470,908,667,057 "
11,16-Mar-23,"$24,373.46 ","$25,190.33 ","$24,225.11 ","$25,052.79 ","$33,866,061,747 ","$484,005,642,387 "
12,17-Mar-23,"$25,055.12 ","$27,787.81 ","$24,955.17 ","$27,423.93 ","$50,730,261,335 ","$529,839,581,714 "
13,18-Mar-23,"$27,448.12 ","$27,725.95 ","$26,636.26 ","$26,965.88 ","$35,723,036,817 ","$521,018,360,376 "
14,19-Mar-23,"$26,969.50 ","$28,440.56 ","$26,907.72 ","$28,038.67 ","$37,769,448,859 ","$541,771,324,421 "
15,20-Mar-23,"$28,041.60 ","$28,527.72 ","$27,242.88 ","$27,767.24 ","$44,774,027,664 ","$536,553,055,078 "
16,21-Mar-23,"$27,768.39 ","$28,439.56 ","$27,439.65 ","$28,175.82 ","$36,102,192,830 ","$544,473,344,615 "
17,22-Mar-23,"$28,158.72 ","$28,803.34 ","$26,760.00 ","$27,307.44 ","$33,382,021,890 ","$527,720,639,354 "
18,23-Mar-23,"$27,301.96 ","$28,729.84 ","$27,183.36 ","$28,333.97 ","$24,220,433,689 ","$547,590,658,474 "
19,24-Mar-23,"$28,324.11 ","$28,388.44 ","$27,039.27 ","$27,493.29 ","$25,980,310,960 ","$531,370,969,956 "
20,25-Mar-23,"$27,487.34 ","$27,791.83 ","$27,196.23 ","$27,494.71 ","$13,383,005,987 ","$531,424,045,823 "
21,26-Mar-23,"$27,495.52 ","$28,178.14 ","$27,445.05 ","$27,994.33 ","$13,878,363,192 ","$541,106,062,438 "
22,27-Mar-23,"$27,994.07 ","$28,037.93 ","$26,606.69 ","$27,139.89 ","$18,188,895,178 ","$524,615,890,807 "
23,28-Mar-23,"$27,132.89 ","$27,460.72 ","$26,677.82 ","$27,268.13 ","$17,783,600,385 ","$527,117,850,101 "
24,29-Mar-23,"$27,267.03 ","$28,619.54 ","$27,259.66 ","$28,348.44 ","$20,684,945,906 ","$548,025,510,533 "
25,30-Mar-23,"$28,350.14 ","$29,159.90 ","$27,720.16 ","$28,033.56 ","$22,435,349,951 ","$541,964,802,720 "
26,31-Mar-23,"$28,032.26 ","$28,639.90 ","$27,583.72 ","$28,478.48 ","$19,001,327,598 ","$550,593,053,897 "
27,1-Apr-23,"$28,473.33 ","$28,802.46 ","$28,297.17 ","$28,411.03 ","$10,876,469,901 ","$549,318,113,504 "
28,2-Apr-23,"$28,462.84 ","$28,518.96 ","$27,884.09 ","$28,199.31 ","$12,284,641,999 ","$545,245,950,698 "
29,3-Apr-23,"$28,183.08 ","$28,475.62 ","$27,276.72 ","$27,790.22 ","$19,556,501,327 ","$537,360,742,270 "
30,4-Apr-23,"$27,795.27 ","$28,433.74 ","$27,681.31 ","$28,168.09 ","$15,284,538,859 ","$544,693,901,828 "
31,5-Apr-23,"$28,169.73 ","$28,739.24 ","$27,843.76 ","$28,177.98 ","$17,052,315,986 ","$544,910,072,722 "
32,6-Apr-23,"$28,175.23 ","$28,178.38 ","$27,738.76 ","$28,044.14 ","$13,837,809,380 ","$542,349,825,342 "
33,7-Apr-23,"$28,038.97 ","$28,111.59 ","$27,794.03 ","$27,925.86 ","$10,861,680,497 ","$540,086,456,069 "
34,8-Apr-23,"$27,920.51 ","$28,159.86 ","$27,883.39 ","$27,947.79 ","$9,373,255,556 ","$540,536,533,675 "
35,9-Apr-23,"$27,952.37 ","$28,532.83 ","$27,828.48 ","$28,333.05 ","$12,175,322,951 ","$548,015,190,714 "
36,10-Apr-23,"$28,336.03 ","$29,771.46 ","$28,189.27 ","$29,652.98 ","$19,282,400,094 ","$573,568,312,635 "
37,11-Apr-23,"$29,653.68 ","$30,509.08 ","$29,609.30 ","$30,235.06 ","$20,121,259,843 ","$584,854,674,446 "
38,12-Apr-23,"$30,231.58 ","$30,462.48 ","$29,725.57 ","$30,139.05 ","$18,651,929,926 ","$583,034,311,649 "
39,13-Apr-23,"$29,892.74 ","$30,539.85 ","$29,878.62 ","$30,399.07 ","$17,487,721,001 ","$588,084,165,990 "
40,14-Apr-23,"$30,409.56 ","$31,005.61 ","$30,044.50 ","$30,485.70 ","$22,659,995,079 ","$589,786,626,447 "
41,15-Apr-23,"$30,490.75 ","$30,601.74 ","$30,245.88 ","$30,318.50 ","$11,940,685,378 ","$586,582,359,795 "
42,16-Apr-23,"$30,315.98 ","$30,555.54 ","$30,157.83 ","$30,315.36 ","$12,854,816,417 ","$586,546,802,552 "
43,17-Apr-23,"$30,317.15 ","$30,319.20 ","$29,275.37 ","$29,445.04 ","$17,872,186,762 ","$569,735,854,497 "
44,18-Apr-23,"$29,449.09 ","$30,470.30 ","$29,154.85 ","$30,397.55 ","$19,480,529,496 ","$588,197,752,221 "
45,19-Apr-23,"$30,394.19 ","$30,411.05 ","$28,669.90 ","$28,822.68 ","$24,571,565,421 ","$557,748,035,703 "
46,20-Apr-23,"$28,823.68 ","$29,076.40 ","$28,037.26 ","$28,245.99 ","$21,340,360,360 ","$546,611,911,813 "
47,21-Apr-23,"$28,249.23 ","$28,349.97 ","$27,177.37 ","$27,276.91 ","$20,759,504,330 ","$527,883,377,618 "
48,22-Apr-23,"$27,265.90 ","$27,872.14 ","$27,169.57 ","$27,817.50 ","$13,125,734,602 ","$538,371,205,878 "
49,23-Apr-23,"$27,816.14 ","$27,820.24 ","$27,400.31 ","$27,591.38 ","$12,785,446,832 ","$534,020,212,997 "
50,24-Apr-23,"$27,591.73 ","$27,979.98 ","$27,070.85 ","$27,525.34 ","$17,703,288,330 ","$532,766,516,007 "
51,25-Apr-23,"$27,514.87 ","$28,371.08 ","$27,207.93 ","$28,307.60 ","$17,733,373,139 ","$547,928,945,542 "
52,26-Apr-23,"$28,300.06 ","$29,995.84 ","$27,324.55 ","$28,422.70 ","$31,854,242,019 ","$550,180,352,608 "
53,27-Apr-23,"$28,428.46 ","$29,871.55 ","$28,402.89 ","$29,473.79 ","$27,153,445,027 ","$570,550,222,406 "
54,28-Apr-23,"$29,481.01 ","$29,572.79 ","$28,929.61 ","$29,340.26 ","$17,544,464,887 ","$567,993,007,156 "
55,29-Apr-23,"$29,336.57 ","$29,452.46 ","$29,088.04 ","$29,248.49 ","$10,662,634,333 ","$566,240,497,929 "
56,30-Apr-23,"$29,245.52 ","$29,952.03 ","$29,114.02 ","$29,268.81 ","$14,652,199,272 ","$566,661,285,145 "
57,1-May-23,"$29,227.10 ","$29,329.94 ","$27,680.79 ","$28,091.57 ","$18,655,599,976 ","$543,900,696,260 "
58,2-May-23,"$28,087.17 ","$28,881.30 ","$27,924.12 ","$28,680.54 ","$16,432,924,527 ","$555,325,979,264 "
59,3-May-23,"$28,680.49 ","$29,259.53 ","$28,178.39 ","$29,006.31 ","$19,122,972,518 ","$561,661,086,031 "
60,4-May-23,"$29,031.30 ","$29,353.18 ","$28,694.04 ","$28,847.71 ","$15,548,678,514 ","$558,617,183,941 "
61,5-May-23,"$28,851.48 ","$29,668.91 ","$28,845.51 ","$29,534.38 ","$17,936,566,518 ","$571,935,354,880 "
62,6-May-23,"$29,538.86 ","$29,820.13 ","$28,468.97 ","$28,904.62 ","$15,913,866,714 ","$559,767,467,681 "
63,7-May-23,"$28,901.62 ","$29,157.52 ","$28,441.37 ","$28,454.98 ","$11,301,355,486 ","$551,083,296,209 "
64,8-May-23,"$28,450.46 ","$28,663.27 ","$27,310.14 ","$27,694.27 ","$19,122,903,752 ","$536,375,393,861 "
65,9-May-23,"$27,695.07 ","$27,821.40 ","$27,375.60 ","$27,658.77 ","$14,128,593,256 ","$535,713,623,919 "
66,10-May-23,"$27,654.64 ","$28,322.69 ","$26,883.67 ","$27,621.76 ","$20,656,025,026 ","$535,026,153,602 "
67,11-May-23,"$27,621.09 ","$27,621.94 ","$26,781.83 ","$27,000.79 ","$16,724,343,943 ","$523,022,981,321 "
68,12-May-23,"$26,987.66 ","$27,055.65 ","$25,878.43 ","$26,804.99 ","$19,313,599,897 ","$519,254,029,392 "
69,13-May-23,"$26,807.77 ","$27,030.48 ","$26,710.87 ","$26,784.08 ","$9,999,171,605 ","$518,873,704,830 "
70,14-May-23,"$26,788.97 ","$27,150.98 ","$26,661.35 ","$26,930.64 ","$10,014,858,959 ","$521,742,220,417 "
71,15-May-23,"$26,931.38 ","$27,646.35 ","$26,766.10 ","$27,192.69 ","$14,413,231,792 ","$526,844,318,152 "
72,16-May-23,"$27,171.51 ","$27,299.30 ","$26,878.95 ","$27,036.65 ","$12,732,238,816 ","$523,846,408,825 "
73,17-May-23,"$27,035.47 ","$27,465.93 ","$26,600.14 ","$27,398.80 ","$15,140,006,925 ","$530,890,147,615 "
74,18-May-23,"$27,401.65 ","$27,466.53 ","$26,415.10 ","$26,832.21 ","$15,222,938,600 ","$519,935,930,272 "
75,19-May-23,"$26,826.75 ","$27,128.62 ","$26,700.21 ","$26,890.13 ","$11,258,983,301 ","$521,083,278,042 "
76,20-May-23,"$26,888.84 ","$27,155.16 ","$26,843.28 ","$27,129.59 ","$7,044,911,360 ","$525,746,096,848 "
77,21-May-23,"$27,118.42 ","$27,265.92 ","$26,706.92 ","$26,753.83 ","$8,647,416,921 ","$518,489,461,931 "
78,22-May-23,"$26,749.89 ","$27,045.74 ","$26,549.73 ","$26,851.28 ","$11,056,770,492 ","$520,401,926,578 "
79,23-May-23,"$26,855.96 ","$27,434.68 ","$26,816.18 ","$27,225.73 ","$13,697,203,143 ","$527,685,629,564 "
80,24-May-23,"$27,224.60 ","$27,224.60 ","$26,106.58 ","$26,334.82 ","$16,299,104,428 ","$510,440,697,384 "
81,25-May-23,"$26,329.46 ","$26,591.52 ","$25,890.59 ","$26,476.21 ","$13,851,122,697 ","$513,207,340,509 "
82,26-May-23,"$26,474.18 ","$26,916.67 ","$26,343.95 ","$26,719.29 ","$12,711,619,225 ","$517,943,916,950 "
83,27-May-23,"$26,720.18 ","$26,888.88 ","$26,621.14 ","$26,868.35 ","$7,892,015,141 ","$520,858,138,785 "
84,28-May-23,"$26,871.16 ","$28,193.45 ","$26,802.75 ","$28,085.65 ","$14,545,229,578 ","$544,483,610,242 "
85,29-May-23,"$28,075.59 ","$28,432.04 ","$27,563.88 ","$27,745.88 ","$15,181,308,984 ","$537,924,888,419 "
86,30-May-23,"$27,745.12 ","$28,044.76 ","$27,588.50 ","$27,702.35 ","$13,251,081,851 ","$537,106,462,875 "
87,31-May-23,"$27,700.53 ","$27,831.68 ","$26,866.45 ","$27,219.66 ","$15,656,371,534 ","$527,773,175,252 "
88,1-Jun-23,"$27,218.41 ","$27,346.11 ","$26,671.72 ","$26,819.97 ","$14,678,970,415 ","$520,044,966,564 "
89,2-Jun-23,"$26,824.56 ","$27,303.86 ","$26,574.64 ","$27,249.59 ","$14,837,415,000 ","$528,404,436,446 "
90,3-Jun-23,"$27,252.32 ","$27,317.05 ","$26,958.00 ","$27,075.13 ","$8,385,597,470 ","$525,043,616,808 "
91,4-Jun-23,"$27,075.12 ","$27,407.02 ","$26,968.22 ","$27,119.07 ","$9,360,912,318 ","$525,920,232,791 "
92,5-Jun-23,"$27,123.11 ","$27,129.98 ","$25,445.17 ","$25,760.10 ","$21,513,292,646 ","$499,587,457,194 "
93,6-Jun-23,"$25,732.11 ","$27,313.82 ","$25,434.87 ","$27,238.78 ","$21,929,670,693 ","$528,291,607,016 "
94,7-Jun-23,"$27,235.65 ","$27,332.18 ","$26,146.99 ","$26,346.00 ","$19,530,045,082 ","$510,996,613,396 "
95,8-Jun-23,"$26,347.65 ","$26,797.51 ","$26,246.66 ","$26,508.22 ","$11,904,824,295 ","$514,170,400,421 "
96,9-Jun-23,"$26,505.92 ","$26,770.29 ","$26,339.32 ","$26,480.38 ","$11,015,551,640 ","$513,657,047,934 "
97,10-Jun-23,"$26,481.76 ","$26,531.05 ","$25,501.84 ","$25,851.24 ","$19,872,933,189 ","$501,477,392,551 "
98,11-Jun-23,"$25,854.03 ","$26,203.44 ","$25,668.99 ","$25,940.17 ","$10,732,609,603 ","$503,230,985,845 "
99,12-Jun-23,"$25,934.29 ","$26,087.92 ","$25,675.20 ","$25,902.50 ","$11,677,889,997 ","$502,523,702,241 "
100,13-Jun-23,"$25,902.94 ","$26,376.35 ","$25,728.37 ","$25,918.73 ","$14,143,474,486 ","$502,863,816,038 "
101,14-Jun-23,"$25,920.26 ","$26,041.80 ","$24,902.15 ","$25,124.68 ","$14,265,717,766 ","$487,476,514,345 "
102,15-Jun-23,"$25,121.67 ","$25,735.31 ","$24,797.17 ","$25,576.39 ","$15,837,384,409 ","$496,264,527,631 "
103,16-Jun-23,"$25,575.28 ","$26,463.17 ","$25,245.36 ","$26,327.46 ","$16,324,646,965 ","$510,862,345,346 "
104,17-Jun-23,"$26,328.68 ","$26,769.39 ","$26,174.49 ","$26,510.68 ","$11,090,276,850 ","$514,442,327,520 "
105,18-Jun-23,"$26,510.46 ","$26,675.93 ","$26,325.89 ","$26,336.21 ","$9,565,695,129 ","$511,079,706,783 "
106,19-Jun-23,"$26,335.44 ","$26,984.61 ","$26,312.83 ","$26,851.03 ","$12,826,986,222 ","$521,094,554,604 "
107,20-Jun-23,"$26,841.66 ","$28,388.97 ","$26,668.79 ","$28,327.49 ","$22,211,859,147 ","$549,771,733,917 "
108,21-Jun-23,"$28,311.31 ","$30,737.33 ","$28,283.41 ","$30,027.30 ","$33,346,760,979 ","$582,785,323,709 "
109,22-Jun-23,"$29,995.94 ","$30,496.00 ","$29,679.16 ","$29,912.28 ","$20,653,160,491 ","$580,578,124,574 "
110,23-Jun-23,"$29,896.38 ","$31,389.54 ","$29,845.21 ","$30,695.47 ","$24,115,570,085 ","$595,803,665,520 "
111,24-Jun-23,"$30,708.74 ","$30,804.15 ","$30,290.15 ","$30,548.69 ","$12,147,822,496 ","$592,983,006,395 "
112,25-Jun-23,"$30,545.15 ","$31,041.27 ","$30,327.94 ","$30,480.26 ","$12,703,464,114 ","$591,683,600,297 "
113,26-Jun-23,"$30,480.52 ","$30,636.03 ","$29,955.74 ","$30,271.13 ","$16,493,186,997 ","$587,650,439,315 "
114,27-Jun-23,"$30,274.32 ","$31,006.79 ","$30,236.65 ","$30,688.16 ","$16,428,827,944 ","$595,773,660,616 "
115,28-Jun-23,"$30,696.56 ","$30,703.28 ","$29,921.82 ","$30,086.25 ","$14,571,500,779 ","$584,108,674,471 "
116,29-Jun-23,"$30,086.19 ","$30,796.25 ","$30,057.20 ","$30,445.35 ","$13,180,860,821 ","$591,107,911,061 "
117,30-Jun-23,"$30,441.35 ","$31,256.86 ","$29,600.28 ","$30,477.25 ","$26,387,306,197 ","$591,758,288,456 "
118,1-Jul-23,"$30,471.85 ","$30,641.29 ","$30,328.86 ","$30,590.08 ","$9,086,606,733 ","$593,974,448,099 "
119,2-Jul-23,"$30,587.27 ","$30,766.14 ","$30,264.02 ","$30,620.77 ","$10,533,418,042 ","$594,601,955,893 "
120,3-Jul-23,"$30,624.52 ","$31,375.61 ","$30,586.51 ","$31,156.44 ","$15,271,884,873 ","$605,031,166,919 "
121,4-Jul-23,"$31,156.86 ","$31,325.20 ","$30,659.36 ","$30,777.58 ","$12,810,828,427 ","$597,702,171,826 "
122,5-Jul-23,"$30,778.73 ","$30,877.33 ","$30,225.61 ","$30,514.17 ","$12,481,622,280 ","$592,615,228,831 "
123,6-Jul-23,"$30,507.15 ","$31,460.05 ","$29,892.23 ","$29,909.34 ","$21,129,219,509 ","$580,894,851,051 "
124,7-Jul-23,"$29,908.00 ","$30,434.64 ","$29,777.28 ","$30,342.26 ","$13,384,770,155 ","$589,336,655,274 "
125,8-Jul-23,"$30,346.92 ","$30,374.44 ","$30,080.16 ","$30,292.54 ","$7,509,378,699 ","$588,404,379,630 "
126,9-Jul-23,"$30,291.61 ","$30,427.59 ","$30,085.59 ","$30,171.23 ","$7,903,327,692 ","$586,079,772,337 "
127,10-Jul-23,"$30,172.42 ","$31,026.08 ","$29,985.39 ","$30,414.47 ","$14,828,209,155 ","$590,834,747,693 "
128,11-Jul-23,"$30,417.63 ","$30,788.31 ","$30,358.10 ","$30,620.95 ","$12,151,839,152 ","$594,872,050,276 "
129,12-Jul-23,"$30,622.25 ","$30,959.97 ","$30,228.84 ","$30,391.65 ","$14,805,659,717 ","$590,443,005,305 "
130,13-Jul-23,"$30,387.49 ","$31,814.51 ","$30,268.35 ","$31,476.05 ","$23,686,079,548 ","$611,535,352,758 "
131,14-Jul-23,"$31,474.72 ","$31,582.25 ","$29,966.39 ","$30,334.07 ","$20,917,902,660 ","$589,374,459,086 "
132,15-Jul-23,"$30,331.78 ","$30,407.78 ","$30,263.46 ","$30,295.81 ","$8,011,667,756 ","$588,656,416,080 "
133,16-Jul-23,"$30,297.47 ","$30,437.56 ","$30,089.67 ","$30,249.13 ","$8,516,564,470 ","$587,778,068,681 "
134,17-Jul-23,"$30,249.63 ","$30,336.40 ","$29,685.78 ","$30,145.89 ","$13,240,156,074 ","$585,797,549,895 "
135,18-Jul-23,"$30,147.07 ","$30,233.66 ","$29,556.43 ","$29,856.56 ","$13,138,897,269 ","$580,205,937,050 "
136,19-Jul-23,"$29,862.05 ","$30,184.18 ","$29,794.27 ","$29,913.92 ","$12,128,602,812 ","$581,348,679,162 "
137,20-Jul-23,"$29,915.25 ","$30,195.53 ","$29,638.10 ","$29,792.02 ","$14,655,207,121 ","$579,003,905,761 "
138,21-Jul-23,"$29,805.11 ","$30,046.00 ","$29,733.85 ","$29,908.74 ","$10,972,789,818 ","$581,292,887,482 "
139,22-Jul-23,"$29,908.70 ","$29,991.62 ","$29,664.12 ","$29,771.80 ","$7,873,300,598 ","$578,655,924,187 "
140,23-Jul-23,"$29,790.11 ","$30,330.64 ","$29,741.53 ","$30,084.54 ","$9,220,145,050 ","$584,762,966,698 "
141,24-Jul-23,"$30,081.66 ","$30,093.39 ","$28,934.29 ","$29,176.92 ","$15,395,817,395 ","$567,148,527,546 "
142,25-Jul-23,"$29,178.97 ","$29,353.16 ","$29,062.43 ","$29,227.39 ","$10,266,772,793 ","$568,155,078,548 "
143,26-Jul-23,"$29,225.76 ","$29,675.55 ","$29,113.91 ","$29,354.97 ","$13,497,554,655 ","$570,661,758,982 "
144,27-Jul-23,"$29,353.80 ","$29,560.97 ","$29,099.35 ","$29,210.69 ","$10,770,779,217 ","$567,881,358,905 "
145,28-Jul-23,"$29,212.16 ","$29,521.51 ","$29,125.85 ","$29,319.25 ","$11,218,474,952 ","$570,017,791,145 "
146,29-Jul-23,"$29,319.45 ","$29,396.84 ","$29,264.17 ","$29,356.92 ","$6,481,775,959 ","$570,774,442,719 "
147,30-Jul-23,"$29,357.09 ","$29,443.17 ","$29,059.50 ","$29,275.31 ","$8,678,454,527 ","$569,216,997,017 "
148,31-Jul-23,"$29,278.31 ","$29,489.87 ","$29,131.58 ","$29,230.11 ","$11,656,781,982 ","$568,365,621,733 "
149,1-Aug-23,"$29,230.87 ","$29,675.73 ","$28,657.02 ","$29,675.73 ","$18,272,392,391 ","$577,056,102,933 "
150,2-Aug-23,"$29,704.15 ","$29,988.00 ","$28,946.51 ","$29,151.96 ","$19,212,655,598 ","$566,898,832,325 "
151,3-Aug-23,"$29,161.81 ","$29,375.71 ","$28,959.49 ","$29,178.68 ","$12,780,357,746 ","$567,446,140,509 "
152,4-Aug-23,"$29,174.38 ","$29,302.08 ","$28,885.34 ","$29,074.09 ","$12,036,639,988 ","$565,434,912,960 "
153,5-Aug-23,"$29,075.39 ","$29,102.47 ","$28,957.80 ","$29,042.13 ","$6,598,366,353 ","$564,840,485,746 "
154,6-Aug-23,"$29,043.70 ","$29,160.82 ","$28,963.83 ","$29,041.86 ","$7,269,806,994 ","$564,864,625,278 "
155,7-Aug-23,"$29,038.51 ","$29,244.28 ","$28,724.14 ","$29,180.58 ","$13,618,163,710 ","$567,589,047,795 "
156,8-Aug-23,"$29,180.02 ","$30,176.80 ","$29,113.81 ","$29,765.49 ","$17,570,561,357 ","$578,990,356,569 "
157,9-Aug-23,"$29,766.70 ","$30,093.44 ","$29,376.80 ","$29,561.49 ","$18,379,521,213 ","$575,052,155,347 "
158,10-Aug-23,"$29,563.97 ","$29,688.56 ","$29,354.45 ","$29,429.59 ","$11,865,344,789 ","$572,509,489,794 "
159,11-Aug-23,"$29,424.90 ","$29,517.77 ","$29,253.52 ","$29,397.72 ","$10,195,168,197 ","$571,917,121,194 "
160,12-Aug-23,"$29,399.79 ","$29,465.11 ","$29,357.59 ","$29,415.96 ","$6,194,358,008 ","$572,302,297,645 "
161,13-Aug-23,"$29,416.59 ","$29,441.43 ","$29,265.81 ","$29,282.91 ","$7,329,897,180 ","$569,738,074,810 "
162,14-Aug-23,"$29,283.26 ","$29,660.25 ","$29,124.11 ","$29,408.44 ","$14,013,695,304 ","$572,212,182,982 "
163,15-Aug-23,"$29,408.05 ","$29,439.12 ","$29,088.85 ","$29,170.35 ","$12,640,195,779 ","$567,610,646,871 "
164,16-Aug-23,"$29,169.07 ","$29,221.98 ","$28,701.78 ","$28,701.78 ","$14,949,271,904 ","$558,522,450,868 "
165,17-Aug-23,"$28,699.80 ","$28,745.95 ","$25,409.11 ","$26,664.55 ","$31,120,851,211 ","$518,904,301,901 "
166,18-Aug-23,"$26,636.08 ","$26,808.20 ","$25,668.92 ","$26,049.56 ","$24,026,236,529 ","$506,957,746,774 "
167,19-Aug-23,"$26,047.83 ","$26,249.45 ","$25,802.41 ","$26,096.20 ","$10,631,443,812 ","$507,889,708,784 "
168,20-Aug-23,"$26,096.86 ","$26,260.68 ","$26,004.32 ","$26,189.58 ","$9,036,580,420 ","$509,733,936,200 "
169,21-Aug-23,"$26,188.69 ","$26,220.20 ","$25,846.09 ","$26,124.14 ","$13,371,557,893 ","$508,487,129,876 "
170,22-Aug-23,"$26,130.75 ","$26,135.51 ","$25,520.73 ","$26,031.66 ","$14,503,820,706 ","$506,709,265,108 "
171,23-Aug-23,"$26,040.47 ","$26,786.90 ","$25,805.00 ","$26,431.64 ","$16,985,265,785 ","$514,519,784,075 "
172,24-Aug-23,"$26,431.52 ","$26,554.91 ","$25,914.93 ","$26,162.37 ","$12,871,532,023 ","$509,301,597,241 "
173,25-Aug-23,"$26,163.68 ","$26,248.10 ","$25,786.81 ","$26,047.67 ","$12,406,045,118 ","$507,090,156,467 "
174,26-Aug-23,"$26,047.24 ","$26,107.38 ","$25,983.88 ","$26,008.46 ","$6,034,817,316 ","$506,348,824,288 "
175,27-Aug-23,"$26,008.24 ","$26,165.37 ","$25,965.10 ","$26,089.69 ","$6,913,768,611 ","$507,949,530,131 "
176,28-Aug-23,"$26,089.61 ","$26,198.58 ","$25,880.60 ","$26,106.15 ","$11,002,805,166 ","$508,288,516,574 "
177,29-Aug-23,"$26,102.49 ","$28,089.34 ","$25,912.63 ","$27,727.39 ","$29,368,391,712 ","$539,882,481,562 "
178,30-Aug-23,"$27,726.08 ","$27,760.16 ","$27,069.21 ","$27,297.27 ","$16,343,655,235 ","$531,528,938,704 "
179,31-Aug-23,"$27,301.93 ","$27,456.08 ","$25,752.93 ","$25,931.47 ","$20,181,001,451 ","$504,957,555,551 "
180,1-Sep-23,"$25,934.02 ","$26,125.87 ","$25,362.61 ","$25,800.72 ","$17,202,862,221 ","$502,435,875,824 "
181,2-Sep-23,"$25,800.91 ","$25,970.28 ","$25,753.09 ","$25,868.80 ","$10,100,387,473 ","$503,786,436,421 "
182,3-Sep-23,"$25,869.47 ","$26,087.15 ","$25,817.03 ","$25,969.57 ","$8,962,524,523 ","$505,774,022,624 "
183,4-Sep-23,"$25,968.17 ","$26,081.52 ","$25,657.03 ","$25,812.42 ","$10,680,635,106 ","$502,737,261,225 "
184,5-Sep-23,"$25,814.96 ","$25,858.37 ","$25,589.99 ","$25,779.98 ","$11,094,740,040 ","$502,126,527,594 "
185,6-Sep-23,"$25,783.93 ","$25,953.02 ","$25,404.36 ","$25,753.24 ","$12,752,705,327 ","$501,626,995,525 "
186,7-Sep-23,"$25,748.31 ","$26,409.30 ","$25,608.20 ","$26,240.19 ","$11,088,307,100 ","$511,135,039,201 "
187,8-Sep-23,"$26,245.21 ","$26,414.01 ","$25,677.48 ","$25,905.65 ","$10,817,356,400 ","$504,640,503,023 "
188,9-Sep-23,"$25,905.42 ","$25,921.98 ","$25,810.50 ","$25,895.68 ","$5,481,314,132 ","$504,470,470,463 "
189,10-Sep-23,"$25,895.21 ","$25,978.13 ","$25,640.26 ","$25,832.23 ","$7,899,553,047 ","$503,258,420,290 "
190,11-Sep-23,"$25,831.72 ","$25,883.95 ","$24,930.30 ","$25,162.66 ","$14,600,006,467 ","$490,238,023,957 "
191,12-Sep-23,"$25,160.66 ","$26,451.94 ","$25,133.08 ","$25,833.34 ","$18,657,279,324 ","$503,327,969,521 "
192,13-Sep-23,"$25,837.55 ","$26,376.11 ","$25,781.12 ","$26,228.32 ","$13,072,077,070 ","$511,047,406,839 "
193,14-Sep-23,"$26,228.28 ","$26,774.62 ","$26,171.45 ","$26,539.67 ","$13,811,359,124 ","$517,140,816,824 "
194,15-Sep-23,"$26,533.82 ","$26,840.50 ","$26,240.70 ","$26,608.69 ","$11,479,735,788 ","$518,517,274,733 "
195,16-Sep-23,"$26,606.20 ","$26,754.77 ","$26,473.89 ","$26,568.28 ","$7,402,031,417 ","$517,755,173,479 "
196,17-Sep-23,"$26,567.93 ","$26,618.00 ","$26,445.08 ","$26,534.19 ","$6,774,210,670 ","$517,116,820,260 "
197,18-Sep-23,"$26,532.99 ","$27,414.73 ","$26,415.52 ","$26,754.28 ","$15,615,339,655 ","$521,431,894,478 "
198,19-Sep-23,"$26,760.85 ","$27,488.76 ","$26,681.61 ","$27,211.12 ","$13,807,690,550 ","$530,358,455,132 "
199,20-Sep-23,"$27,210.23 ","$27,379.51 ","$26,864.08 ","$27,132.01 ","$13,281,116,604 ","$528,841,974,546 "
200,21-Sep-23,"$27,129.84 ","$27,152.94 ","$26,389.30 ","$26,567.63 ","$13,371,443,708 ","$517,864,270,863 "
201,22-Sep-23,"$26,564.06 ","$26,726.08 ","$26,495.53 ","$26,579.57 ","$10,578,746,709 ","$518,118,003,344 "
202,23-Sep-23,"$26,578.56 ","$26,634.19 ","$26,520.52 ","$26,579.39 ","$7,404,700,301 ","$518,140,112,048 "
203,24-Sep-23,"$26,579.37 ","$26,716.06 ","$26,221.05 ","$26,256.83 ","$8,192,867,686 ","$511,876,976,254 "
204,25-Sep-23,"$26,253.78 ","$26,421.51 ","$26,011.47 ","$26,298.48 ","$11,997,833,257 ","$512,712,185,602 "
205,26-Sep-23,"$26,294.76 ","$26,389.88 ","$26,090.71 ","$26,217.25 ","$9,985,498,161 ","$511,151,155,987 "
206,27-Sep-23,"$26,209.50 ","$26,817.84 ","$26,111.46 ","$26,352.72 ","$11,718,380,997 ","$513,818,515,485 "
207,28-Sep-23,"$26,355.81 ","$27,259.50 ","$26,327.32 ","$27,021.55 ","$14,079,002,707 ","$526,883,682,824 "
208,29-Sep-23,"$27,024.84 ","$27,225.94 ","$26,721.76 ","$26,911.72 ","$10,396,435,377 ","$524,766,460,979 "
209,30-Sep-23,"$26,911.69 ","$27,091.80 ","$26,888.97 ","$26,967.92 ","$5,331,172,801 ","$525,885,640,460 "
210,1-Oct-23,"$26,967.40 ","$28,047.24 ","$26,965.09 ","$27,983.75 ","$9,503,917,434 ","$545,719,315,434 "
211,2-Oct-23,"$27,976.80 ","$28,494.46 ","$27,347.79 ","$27,530.78 ","$19,793,041,322 ","$536,912,579,985 "
212,3-Oct-23,"$27,508.25 ","$27,667.19 ","$27,216.00 ","$27,429.98 ","$11,407,814,187 ","$534,975,274,336 "
213,4-Oct-23,"$27,429.07 ","$27,826.66 ","$27,248.11 ","$27,799.39 ","$11,143,355,314 ","$542,203,190,963 "
214,5-Oct-23,"$27,798.65 ","$28,091.86 ","$27,375.60 ","$27,415.91 ","$11,877,253,670 ","$534,747,363,212 "
215,6-Oct-23,"$27,412.12 ","$28,252.54 ","$27,215.55 ","$27,946.60 ","$13,492,391,599 ","$545,126,652,148 "
216,7-Oct-23,"$27,946.78 ","$28,028.09 ","$27,870.42 ","$27,968.84 ","$6,553,044,316 ","$545,589,873,921 "
217,8-Oct-23,"$27,971.68 ","$28,102.17 ","$27,740.66 ","$27,935.09 ","$7,916,875,290 ","$544,957,531,994 "
218,9-Oct-23,"$27,934.47 ","$27,989.47 ","$27,302.56 ","$27,583.68 ","$12,007,668,568 ","$538,127,916,933 "
219,10-Oct-23,"$27,589.20 ","$27,715.85 ","$27,301.66 ","$27,391.02 ","$9,973,350,678 ","$534,398,434,702 "
220,11-Oct-23,"$27,392.08 ","$27,474.12 ","$26,561.10 ","$26,873.32 ","$13,648,094,333 ","$524,325,019,034 "
221,12-Oct-23,"$26,873.29 ","$26,921.44 ","$26,558.32 ","$26,756.80 ","$9,392,909,295 ","$522,077,986,121 "
222,13-Oct-23,"$26,752.88 ","$27,092.70 ","$26,686.32 ","$26,862.38 ","$15,165,312,851 ","$524,162,174,274 "
223,14-Oct-23,"$26,866.20 ","$26,969.00 ","$26,814.59 ","$26,861.71 ","$5,388,116,782 ","$524,174,123,666 "
224,15-Oct-23,"$26,858.01 ","$27,289.17 ","$26,817.89 ","$27,159.65 ","$7,098,201,980 ","$530,017,041,636 "
225,16-Oct-23,"$27,162.63 ","$29,448.14 ","$27,130.47 ","$28,519.47 ","$27,833,876,539 ","$556,577,526,993 "
226,17-Oct-23,"$28,522.10 ","$28,618.75 ","$28,110.19 ","$28,415.75 ","$14,872,527,508 ","$554,581,972,707 "
227,18-Oct-23,"$28,413.53 ","$28,889.01 ","$28,174.25 ","$28,328.34 ","$12,724,128,586 ","$552,901,231,268 "
228,19-Oct-23,"$28,332.42 ","$28,892.47 ","$28,177.99 ","$28,719.81 ","$14,448,058,195 ","$560,568,426,319 "
229,20-Oct-23,"$28,732.81 ","$30,104.09 ","$28,601.67 ","$29,682.95 ","$21,536,125,230 ","$579,392,054,001 "
230,21-Oct-23,"$29,683.38 ","$30,287.48 ","$29,481.75 ","$29,918.41 ","$11,541,146,996 ","$584,015,234,382 "
231,22-Oct-23,"$29,918.66 ","$30,199.43 ","$29,720.31 ","$29,993.90 ","$10,446,520,040 ","$585,517,392,722 "
232,23-Oct-23,"$30,140.68 ","$34,370.44 ","$30,097.83 ","$33,086.23 ","$38,363,572,311 ","$645,916,652,811 "
233,24-Oct-23,"$33,077.30 ","$35,150.43 ","$32,880.76 ","$33,901.53 ","$44,934,999,645 ","$661,859,706,506 "
234,25-Oct-23,"$33,916.04 ","$35,133.76 ","$33,709.11 ","$34,502.82 ","$25,254,318,008 ","$673,629,831,821 "
235,26-Oct-23,"$34,504.29 ","$34,832.91 ","$33,762.32 ","$34,156.65 ","$19,427,195,376 ","$666,904,079,222 "
236,27-Oct-23,"$34,156.50 ","$34,238.21 ","$33,416.89 ","$33,909.80 ","$16,418,032,871 ","$662,115,721,497 "
237,28-Oct-23,"$33,907.72 ","$34,399.39 ","$33,874.80 ","$34,089.58 ","$10,160,330,825 ","$665,660,534,679 "
238,29-Oct-23,"$34,089.37 ","$34,743.26 ","$33,947.57 ","$34,538.48 ","$11,160,323,986 ","$674,455,804,210 "
239,30-Oct-23,"$34,531.74 ","$34,843.94 ","$34,110.97 ","$34,502.36 ","$17,184,860,315 ","$673,783,741,122 "
240,31-Oct-23,"$34,500.08 ","$34,719.25 ","$34,083.31 ","$34,667.78 ","$15,758,270,810 ","$677,047,621,125 "
241,1-Nov-23,"$34,657.28 ","$35,527.93 ","$34,170.69 ","$35,437.25 ","$22,446,272,005 ","$692,109,682,986 "
242,2-Nov-23,"$35,441.58 ","$35,919.84 ","$34,401.57 ","$34,938.24 ","$20,998,158,544 ","$682,394,289,861 "
243,3-Nov-23,"$34,942.47 ","$34,942.47 ","$34,133.44 ","$34,732.33 ","$17,158,456,701 ","$678,402,411,404 "
244,4-Nov-23,"$34,736.32 ","$35,256.03 ","$34,616.69 ","$35,082.20 ","$9,561,294,264 ","$685,272,381,015 "
245,5-Nov-23,"$35,090.01 ","$35,340.34 ","$34,594.24 ","$35,049.36 ","$12,412,743,996 ","$684,667,682,721 "
246,6-Nov-23,"$35,044.79 ","$35,286.03 ","$34,765.36 ","$35,037.37 ","$12,693,436,420 ","$684,460,477,854 "
247,7-Nov-23,"$35,047.79 ","$35,892.42 ","$34,545.82 ","$35,443.56 ","$18,834,737,789 ","$692,425,627,404 "
248,8-Nov-23,"$35,419.48 ","$35,994.42 ","$35,147.80 ","$35,655.28 ","$17,295,394,918 ","$696,595,346,035 "
249,9-Nov-23,"$35,633.63 ","$37,926.26 ","$35,592.10 ","$36,693.12 ","$37,762,672,382 ","$716,902,433,923 "
250,10-Nov-23,"$36,702.25 ","$37,493.80 ","$36,362.76 ","$37,313.97 ","$22,711,265,155 ","$729,069,481,964 "
251,11-Nov-23,"$37,310.07 ","$37,407.09 ","$36,773.67 ","$37,138.05 ","$13,924,272,142 ","$725,668,445,885 "
252,12-Nov-23,"$37,133.99 ","$37,227.69 ","$36,779.12 ","$37,054.52 ","$11,545,715,999 ","$724,074,263,173 "
253,13-Nov-23,"$37,070.31 ","$37,405.12 ","$36,399.61 ","$36,502.36 ","$19,057,712,790 ","$713,311,947,480 "
254,14-Nov-23,"$36,491.79 ","$36,753.35 ","$34,948.50 ","$35,537.64 ","$23,857,403,554 ","$694,491,212,462 "
255,15-Nov-23,"$35,548.11 ","$37,964.89 ","$35,383.78 ","$37,880.58 ","$27,365,821,679 ","$740,312,548,128 "
256,16-Nov-23,"$37,879.98 ","$37,934.63 ","$35,545.47 ","$36,154.77 ","$26,007,385,366 ","$706,617,161,805 "
257,17-Nov-23,"$36,164.82 ","$36,704.48 ","$35,901.24 ","$36,596.68 ","$22,445,028,430 ","$715,288,296,430 "
258,18-Nov-23,"$36,625.37 ","$36,839.28 ","$36,233.31 ","$36,585.70 ","$11,886,022,717 ","$715,107,332,423 "
259,19-Nov-23,"$36,585.77 ","$37,509.36 ","$36,414.60 ","$37,386.55 ","$12,915,986,553 ","$730,802,775,304 "
260,20-Nov-23,"$37,374.07 ","$37,756.82 ","$36,882.53 ","$37,476.96 ","$20,888,209,068 ","$732,607,478,252 "
261,21-Nov-23,"$37,469.16 ","$37,631.14 ","$35,813.81 ","$35,813.81 ","$25,172,163,756 ","$700,129,319,723 "
262,22-Nov-23,"$35,756.55 ","$37,856.98 ","$35,670.97 ","$37,432.34 ","$24,397,247,860 ","$731,805,245,916 "
263,23-Nov-23,"$37,420.43 ","$37,643.92 ","$36,923.86 ","$37,289.62 ","$14,214,948,217 ","$729,048,665,033 "
264,24-Nov-23,"$37,296.32 ","$38,415.34 ","$37,261.61 ","$37,720.28 ","$22,922,957,823 ","$737,506,220,401 "
265,25-Nov-23,"$37,721.41 ","$37,892.43 ","$37,617.42 ","$37,796.79 ","$9,099,571,165 ","$739,040,907,500 "
266,26-Nov-23,"$37,796.83 ","$37,820.30 ","$37,162.75 ","$37,479.12 ","$13,744,796,068 ","$732,864,171,271 "
267,27-Nov-23,"$37,454.19 ","$37,559.35 ","$36,750.13 ","$37,254.17 ","$19,002,925,720 ","$728,495,474,098 "
268,28-Nov-23,"$37,247.99 ","$38,368.48 ","$36,891.09 ","$37,831.09 ","$21,696,137,014 ","$739,813,120,656 "
269,29-Nov-23,"$37,826.11 ","$38,366.11 ","$37,612.63 ","$37,858.49 ","$20,728,546,658 ","$740,379,866,134 "
270,30-Nov-23,"$37,861.12 ","$38,141.75 ","$37,531.14 ","$37,712.75 ","$18,115,982,627 ","$737,560,917,366 "
271,1-Dec-23,"$37,718.01 ","$38,954.11 ","$37,629.36 ","$38,688.75 ","$23,512,784,002 ","$756,690,015,948 "
272,2-Dec-23,"$38,689.28 ","$39,678.94 ","$38,652.60 ","$39,476.33 ","$15,534,035,612 ","$772,125,221,563 "
273,3-Dec-23,"$39,472.21 ","$40,135.60 ","$39,298.17 ","$39,978.39 ","$15,769,696,322 ","$781,986,059,221 "
274,4-Dec-23,"$39,978.63 ","$42,371.75 ","$39,978.63 ","$41,980.10 ","$39,856,129,827 ","$821,180,324,322 "
275,5-Dec-23,"$41,986.26 ","$44,408.67 ","$41,421.15 ","$44,080.65 ","$36,312,154,535 ","$862,310,043,284 "
276,6-Dec-23,"$44,080.02 ","$44,265.77 ","$43,478.08 ","$43,746.45 ","$29,909,761,586 ","$855,807,598,358 "
277,7-Dec-23,"$43,769.13 ","$44,042.59 ","$42,880.65 ","$43,292.66 ","$27,635,760,671 ","$846,962,790,499 "
278,8-Dec-23,"$43,293.13 ","$44,705.52 ","$43,125.30 ","$44,166.60 ","$24,421,116,687 ","$864,097,723,185 "
279,9-Dec-23,"$44,180.02 ","$44,361.26 ","$43,627.60 ","$43,725.99 ","$17,368,210,171 ","$855,518,589,114 "
280,10-Dec-23,"$43,728.38 ","$44,034.62 ","$43,593.28 ","$43,779.70 ","$13,000,481,418 ","$856,608,048,217 "
281,11-Dec-23,"$43,792.02 ","$43,808.37 ","$40,234.58 ","$41,243.83 ","$40,632,672,038 ","$807,028,644,889 "
282,12-Dec-23,"$41,238.73 ","$42,048.30 ","$40,667.56 ","$41,450.22 ","$24,779,520,132 ","$811,106,735,270 "
283,13-Dec-23,"$41,468.47 ","$43,429.78 ","$40,676.87 ","$42,890.74 ","$26,797,884,674 ","$839,333,709,179 "
284,14-Dec-23,"$42,884.26 ","$43,390.86 ","$41,767.09 ","$43,023.97 ","$25,578,530,178 ","$841,983,433,932 "
285,15-Dec-23,"$43,028.25 ","$43,087.82 ","$41,692.97 ","$41,929.76 ","$19,639,442,462 ","$820,610,949,396 "
286,16-Dec-23,"$41,937.74 ","$42,664.95 ","$41,723.11 ","$42,240.12 ","$14,386,729,590 ","$826,722,808,112 "
287,17-Dec-23,"$42,236.11 ","$42,359.50 ","$41,274.54 ","$41,364.67 ","$16,678,702,876 ","$809,628,537,784 "
288,18-Dec-23,"$41,348.20 ","$42,720.30 ","$40,530.26 ","$42,623.54 ","$25,224,642,008 ","$834,312,073,586 "
289,19-Dec-23,"$42,641.51 ","$43,354.30 ","$41,826.34 ","$42,270.53 ","$23,171,001,281 ","$827,447,113,190 "
290,20-Dec-23,"$42,261.30 ","$44,275.59 ","$42,223.82 ","$43,652.25 ","$27,868,908,174 ","$854,532,316,614 "
291,21-Dec-23,"$43,648.12 ","$44,240.67 ","$43,330.05 ","$43,869.15 ","$22,452,766,169 ","$858,819,785,955 "
292,22-Dec-23,"$43,868.99 ","$44,367.96 ","$43,441.97 ","$43,997.90 ","$21,028,503,216 ","$861,384,314,119 "
293,23-Dec-23,"$44,012.20 ","$44,015.70 ","$43,351.36 ","$43,739.54 ","$13,507,796,558 ","$856,371,815,374 "
294,24-Dec-23,"$43,728.37 ","$43,945.52 ","$42,786.92 ","$43,016.12 ","$18,830,554,085 ","$842,253,948,410 "
295,25-Dec-23,"$43,010.57 ","$43,765.09 ","$42,765.77 ","$43,613.14 ","$21,115,795,370 ","$853,982,087,896 "
296,26-Dec-23,"$43,599.85 ","$43,603.18 ","$41,676.49 ","$42,520.40 ","$30,026,850,982 ","$832,620,130,498 "
297,27-Dec-23,"$42,518.47 ","$43,683.16 ","$42,167.58 ","$43,442.85 ","$25,260,941,032 ","$850,720,785,458 "
298,28-Dec-23,"$43,468.20 ","$43,804.78 ","$42,318.55 ","$42,627.85 ","$22,992,093,014 ","$834,791,614,273 "
299,29-Dec-23,"$42,614.64 ","$43,124.33 ","$41,424.06 ","$42,099.40 ","$26,000,021,055 ","$824,484,176,969 "
300,30-Dec-23,"$42,091.75 ","$42,584.12 ","$41,556.23 ","$42,156.90 ","$16,013,925,945 ","$825,646,829,610 "
301,31-Dec-23,"$42,152.10 ","$42,860.94 ","$41,998.26 ","$42,265.19 ","$16,397,498,810 ","$827,811,209,384 "
302,1-Jan-24,"$42,280.24 ","$44,175.44 ","$42,214.98 ","$44,167.33 ","$18,426,978,443 ","$865,106,026,911 "
303,2-Jan-24,"$44,187.14 ","$45,899.71 ","$44,176.95 ","$44,957.97 ","$39,335,274,536 ","$880,631,637,170 "
304,3-Jan-24,"$44,961.60 ","$45,503.24 ","$40,813.53 ","$42,848.18 ","$46,342,323,118 ","$839,345,928,378 "
305,4-Jan-24,"$42,855.81 ","$44,770.02 ","$42,675.17 ","$44,179.92 ","$30,448,091,210 ","$865,482,457,123 "
306,5-Jan-24,"$44,192.98 ","$44,353.29 ","$42,784.72 ","$44,162.69 ","$32,336,029,347 ","$865,182,724,166 "
307,6-Jan-24,"$44,178.95 ","$44,227.63 ","$43,475.16 ","$43,989.19 ","$16,092,503,468 ","$861,821,994,191 "
308,7-Jan-24,"$43,998.46 ","$44,495.57 ","$43,662.23 ","$43,943.10 ","$19,330,573,863 ","$860,951,836,726 "
309,8-Jan-24,"$43,948.71 ","$47,218.00 ","$43,244.08 ","$46,970.50 ","$42,746,192,015 ","$920,302,445,948 "
310,9-Jan-24,"$46,987.64 ","$47,893.70 ","$45,244.72 ","$46,139.73 ","$39,821,290,992 ","$904,067,321,453 "
311,10-Jan-24,"$46,121.54 ","$47,647.22 ","$44,483.15 ","$46,627.78 ","$50,114,613,298 ","$913,669,280,077 "
312,11-Jan-24,"$46,656.07 ","$48,969.37 ","$45,678.65 ","$46,368.59 ","$45,833,734,549 ","$908,639,958,361 "
313,12-Jan-24,"$46,354.79 ","$46,498.13 ","$41,903.77 ","$42,853.17 ","$43,332,698,900 ","$839,796,421,013 "
314,13-Jan-24,"$42,799.45 ","$43,234.66 ","$42,464.14 ","$42,842.38 ","$20,601,860,469 ","$839,627,405,357 "
315,14-Jan-24,"$42,842.26 ","$43,065.60 ","$41,724.61 ","$41,796.27 ","$17,521,429,522 ","$819,159,863,483 "
316,15-Jan-24,"$41,715.07 ","$43,319.72 ","$41,705.42 ","$42,511.97 ","$22,320,220,558 ","$833,216,754,804 "
317,16-Jan-24,"$42,499.34 ","$43,566.27 ","$42,086.00 ","$43,154.94 ","$24,062,872,740 ","$845,855,247,845 "
318,17-Jan-24,"$43,132.10 ","$43,189.89 ","$42,189.31 ","$42,742.65 ","$20,851,232,595 ","$837,804,850,464 "
319,18-Jan-24,"$42,742.31 ","$42,876.35 ","$40,631.17 ","$41,262.06 ","$25,218,357,242 ","$808,819,115,627 "
320,19-Jan-24,"$41,278.46 ","$42,134.16 ","$40,297.46 ","$41,618.41 ","$25,752,407,154 ","$815,839,646,533 "
321,20-Jan-24,"$41,624.59 ","$41,877.89 ","$41,446.82 ","$41,665.58 ","$11,586,690,904 ","$816,801,167,080 "
322,21-Jan-24,"$41,671.49 ","$41,855.37 ","$41,497.01 ","$41,545.78 ","$9,344,043,642 ","$814,488,966,036 "
323,22-Jan-24,"$41,553.65 ","$41,651.21 ","$39,450.12 ","$39,507.37 ","$31,338,708,143 ","$774,565,393,661 "
324,23-Jan-24,"$39,518.72 ","$40,127.35 ","$38,521.89 ","$39,845.55 ","$29,244,553,045 ","$781,234,029,911 "
325,24-Jan-24,"$39,877.60 ","$40,483.78 ","$39,508.80 ","$40,077.07 ","$22,359,526,178 ","$785,809,931,671 "
326,25-Jan-24,"$40,075.55 ","$40,254.48 ","$39,545.66 ","$39,933.81 ","$18,491,782,013 ","$783,046,781,498 "
327,26-Jan-24,"$39,936.82 ","$42,209.39 ","$39,825.69 ","$41,816.87 ","$25,598,119,893 ","$820,011,355,201 "
328,27-Jan-24,"$41,815.63 ","$42,195.63 ","$41,431.28 ","$42,120.06 ","$11,422,941,934 ","$826,001,135,532 "
329,28-Jan-24,"$42,126.13 ","$42,797.18 ","$41,696.91 ","$42,035.59 ","$16,858,971,687 ","$824,387,868,796 "
330,29-Jan-24,"$42,030.92 ","$43,305.87 ","$41,818.33 ","$43,288.25 ","$20,668,476,578 ","$848,995,300,208 "
331,30-Jan-24,"$43,300.23 ","$43,838.95 ","$42,711.37 ","$42,952.61 ","$23,842,814,518 ","$842,451,754,279 "
332,31-Jan-24,"$42,946.25 ","$43,717.40 ","$42,298.95 ","$42,582.61 ","$24,673,628,793 ","$835,231,465,697 "
333,1-Feb-24,"$42,569.76 ","$43,243.17 ","$41,879.19 ","$43,075.77 ","$21,423,953,779 ","$844,943,939,980 "
334,2-Feb-24,"$43,077.64 ","$43,422.49 ","$42,584.34 ","$43,185.86 ","$18,603,843,039 ","$847,154,029,605 "
335,3-Feb-24,"$43,184.96 ","$43,359.94 ","$42,890.81 ","$42,992.25 ","$11,169,245,236 ","$843,398,823,396 "
336,4-Feb-24,"$42,994.94 ","$43,097.64 ","$42,374.83 ","$42,583.58 ","$14,802,225,490 ","$835,421,763,160 "
337,5-Feb-24,"$42,577.62 ","$43,494.25 ","$42,264.82 ","$42,658.67 ","$18,715,487,317 ","$836,936,067,591 "
338,6-Feb-24,"$42,657.39 ","$43,344.15 ","$42,529.02 ","$43,084.67 ","$16,798,476,726 ","$845,338,495,831 "
339,7-Feb-24,"$43,090.02 ","$44,341.95 ","$42,775.96 ","$44,318.22 ","$21,126,587,775 ","$869,585,299,010 "
340,8-Feb-24,"$44,332.13 ","$45,575.84 ","$44,332.13 ","$45,301.57 ","$26,154,524,080 ","$888,921,474,481 "
341,9-Feb-24,"$45,297.38 ","$48,152.49 ","$45,260.82 ","$47,147.20 ","$39,316,770,844 ","$925,184,504,544 "
342,10-Feb-24,"$47,153.53 ","$48,146.17 ","$46,905.32 ","$47,771.28 ","$16,398,681,570 ","$937,476,684,153 "
343,11-Feb-24,"$47,768.97 ","$48,535.94 ","$47,617.41 ","$48,293.92 ","$19,315,867,136 ","$947,774,152,970 "
344,12-Feb-24,"$48,296.39 ","$50,280.48 ","$47,745.76 ","$49,958.22 ","$34,511,985,805 ","$980,490,999,415 "
345,13-Feb-24,"$49,941.36 ","$50,358.39 ","$48,406.50 ","$49,742.44 ","$35,593,051,468 ","$976,299,863,552 "
346,14-Feb-24,"$49,733.44 ","$52,021.37 ","$49,296.83 ","$51,826.70 ","$39,105,608,050 ","$1,017,254,026,224 "
347,15-Feb-24,"$51,836.78 ","$52,820.07 ","$51,371.63 ","$51,938.56 ","$38,564,360,533 ","$1,019,499,948,270 "
348,16-Feb-24,"$51,937.73 ","$52,537.97 ","$51,641.37 ","$52,160.20 ","$28,180,567,298 ","$1,023,893,671,410 "
349,17-Feb-24,"$52,161.68 ","$52,191.91 ","$50,669.67 ","$51,663.00 ","$20,009,091,006 ","$1,014,181,383,159 "
350,18-Feb-24,"$51,661.97 ","$52,356.96 ","$51,233.71 ","$52,122.55 ","$17,595,377,311 ","$1,023,243,073,518 "
351,19-Feb-24,"$52,134.81 ","$52,483.33 ","$51,711.82 ","$51,779.14 ","$21,362,184,346 ","$1,016,544,621,994 "
352,20-Feb-24,"$51,777.73 ","$52,945.05 ","$50,792.31 ","$52,284.87 ","$33,353,758,256 ","$1,026,519,013,526 "
353,21-Feb-24,"$52,273.54 ","$52,368.82 ","$50,671.76 ","$51,839.18 ","$28,624,907,020 ","$1,017,814,980,563 "
354,22-Feb-24,"$51,854.65 ","$52,009.61 ","$50,926.29 ","$51,304.97 ","$25,413,900,611 ","$1,007,369,631,450 "
355,23-Feb-24,"$51,283.90 ","$51,497.93 ","$50,561.78 ","$50,731.95 ","$21,427,078,270 ","$996,165,857,694 "
356,24-Feb-24,"$50,736.37 ","$51,684.19 ","$50,585.45 ","$51,571.10 ","$15,174,077,879 ","$1,012,689,168,468 "
357,25-Feb-24,"$51,565.22 ","$51,950.03 ","$51,306.17 ","$51,733.24 ","$15,413,239,245 ","$1,015,926,591,604 "
358,26-Feb-24,"$51,730.54 ","$54,938.17 ","$50,931.03 ","$54,522.40 ","$34,074,411,896 ","$1,070,743,961,955 "
359,27-Feb-24,"$54,519.36 ","$57,537.84 ","$54,484.20 ","$57,085.37 ","$49,756,832,031 ","$1,121,125,657,664 "
360,28-Feb-24,"$57,071.10 ","$63,913.13 ","$56,738.42 ","$62,504.79 ","$83,239,156,760 ","$1,227,615,937,615 "
361,29-Feb-24,"$62,499.18 ","$63,585.64 ","$60,498.73 ","$61,198.38 ","$65,496,611,844 ","$1,202,008,882,584 "
362,1-Mar-24,"$61,168.06 ","$63,155.10 ","$60,802.53 ","$62,440.63 ","$40,186,368,423 ","$1,226,468,270,481 "
363,2-Mar-24,"$62,431.65 ","$62,458.70 ","$61,657.29 ","$62,029.85 ","$23,888,473,685 ","$1,218,449,164,617 "
364,3-Mar-24,"$62,031.58 ","$63,230.21 ","$61,435.02 ","$63,167.37 ","$26,253,811,450 ","$1,240,856,664,935 "
